insert into categoria(id, nm_cat_noticia ) values(100, 'Esporte');
insert into categoria(id, nm_cat_noticia ) values(101, 'Musica');
insert into categoria(id, nm_cat_noticia ) values(102, 'Games');
insert into categoria(id, nm_cat_noticia ) values(103, 'Hobby');
insert into categoria(id, nm_cat_noticia ) values(104, 'Leitura');
insert into categoria(id, nm_cat_noticia ) values(105, 'Desenho');
insert into categoria(id, nm_cat_noticia ) values(106, 'Filme');
insert into categoria(id, nm_cat_noticia ) values(107, 'Entretenimento');
insert into categoria(id, nm_cat_noticia ) values(108, 'Curiosidade');
insert into categoria(id, nm_cat_noticia ) values(109, 'Coluna');
insert into categoria(id, nm_cat_noticia ) values(110, 'Blog');


insert into bd_user (id, nome,email,senha) values(100,'admin','admin@gmail.com','admin');
insert into bd_user (id, nome, email,senha) values(102,'joao','joao@gmail.com','joaoadmin');
insert into bd_user (id, nome, email,senha) values(103,'maria','maria@gmail.com','mariaadmin');
insert into bd_user (id, nome, email,senha) values(104,'zezin','zezin@gmail.com','zezinadmin');
insert into bd_user (id, nome, email,senha) values(106,'luana','luana@gmail.com','luanaadmin');
insert into bd_user (id, nome, email,senha) values(107,'laura','laura@gmail.com','lauraadmin');
insert into bd_user (id, nome, email,senha) values(108,'josefina','josefina@gmail.com','josefinaadmin');



insert into bd_noticia(id,conteudo, data_noticia, titulo, caminho_imagem, categoria_id,usuario_id, subtitulo) values (200, 'unchanged. It was popularised in the 1960s with the release of Letraset sheets containing Lorem Ipsum passages, and more recently with desktop publishing software like Aldus PageMaker including versions of Lorem Ipsum.', '1980/10/02', 'Título 12121','/assets/img011.jpg', 100,108,'Subtitulo 1');
insert into bd_noticia(id,conteudo, data_noticia, titulo, caminho_imagem, categoria_id,usuario_id,subtitulo) values (201, 'unchanged. It was popularised in the 1960s with the release of Letraset sheets containing Lorem Ipsum passages, and more recently with desktop publishing software like Aldus PageMaker including versions of Lorem Ipsum.', '1980/10/02', 'Título 2020','/assets/img02Slide.jpg', 101,108,'Subtitulo 1010');
insert into bd_noticia(id,conteudo, data_noticia, titulo, caminho_imagem, categoria_id,usuario_id,subtitulo) values (202, '1960s with the release of Letraset sheets containing Lorem Ipsum passages, and more recently with desktop publishing software like Aldus PageMaker including versions of Lorem Ipsum.', '1980/10/02', 'Título 54455','/assets/img010.jpg', 102,108,'Subtitulo 3');
insert into bd_noticia(id,conteudo, data_noticia, titulo, caminho_imagem, categoria_id,usuario_id,subtitulo) values (203, 'the 1960s with the release of Letraset sheets containing Lorem Ipsum passages, and more recently with desktop publishing software like Aldus PageMaker including versions of Lorem Ipsum.', '1980/10/02', 'Título 19102','/assets/img010.jpg', 103,108,'Subtitulo 2');
insert into bd_noticia(id,conteudo, data_noticia, titulo, caminho_imagem, categoria_id,usuario_id, subtitulo) values (204, 'Letraset sheets containing Lorem Ipsum passages, and more recently with desktop publishing software like Aldus PageMaker including versions of Lorem Ipsum.', '1980/10/02', 'Título 8921','/assets/img011.jpg', 100,108,'Subtitulo 101010');
insert into bd_noticia(id,conteudo, data_noticia, titulo, caminho_imagem, categoria_id,usuario_id,subtitulo) values (205, 'release of Letraset sheets containing Lorem Ipsum passages, and more recently with desktop publishing software like Aldus PageMaker including versions of Lorem Ipsum.', '1980/10/02', 'Título 821','/assets/img010.jpg', 101,108,'Subtitulo 101');
insert into bd_noticia(id,conteudo, data_noticia, titulo, caminho_imagem, categoria_id,usuario_id,subtitulo) values (206, 'It was popularised in the 1960s with the release of Letraset sheets containing Lorem Ipsum passages, and more recently with desktop publishing software like Aldus PageMaker including versions of Lorem Ipsum.', '1980/10/02', 'Título 9901','/assets/img011.jpg', 102,108,'Subtitulo 999');
insert into bd_noticia(id,conteudo, data_noticia, titulo, caminho_imagem, categoria_id,usuario_id,subtitulo) values (207, 'Dao antes da ciro riir rejeição.', '1980/10/02', 'Título 12','/assets/img010.jpg', 103,108,'Subtitulo 982');
insert into bd_noticia(id,conteudo, data_noticia, titulo, caminho_imagem, categoria_id,usuario_id, subtitulo) values (208, 'Dao antes da ciro riir rejeição.', '1980/10/02', 'Título 4421','/assets/img011.jpg', 100,108,'Subtitulo 90');
insert into bd_noticia(id,conteudo, data_noticia, titulo, caminho_imagem, categoria_id,usuario_id,subtitulo) values (209, 'sheets containing Lorem Ipsum passages, and more recently with desktop publishing software like Aldus PageMaker including versions of Lorem Ipsum.', '1980/10/02', 'Título 5532','/assets/img011.jpg', 101,108,'Subtitulo 991');
insert into bd_noticia(id,conteudo, data_noticia, titulo, caminho_imagem, categoria_id,usuario_id,subtitulo) values (210, 'the release of Letraset sheets containing Lorem Ipsum passages, and more recently with desktop publishing software like Aldus PageMaker including versions of Lorem Ipsum.', '1980/10/02', 'Título 2112','/assets/img010Slide.jpg', 102,108,'Subtitulo 55');
insert into bd_noticia(id,conteudo, data_noticia, titulo, caminho_imagem, categoria_id,usuario_id,subtitulo) values (211, 'Lorem Ipsum passages, and more recently with desktop publishing software like Aldus PageMaker including versions of Lorem Ipsum.', '1980/10/02', 'Título 900','/assets/img010.jpg', 103,108,'Subtitulo 66');
insert into bd_noticia(id,conteudo, data_noticia, titulo, caminho_imagem, categoria_id,usuario_id, subtitulo) values (212, 'software like Aldus PageMaker including versions of Lorem Ipsum.', '1980/10/02', 'Título 12121','/assets/img010.jpg', 100,108,'Subtitulo 998');
insert into bd_noticia(id,conteudo, data_noticia, titulo, caminho_imagem, categoria_id,usuario_id,subtitulo) values (213, 'unchanged. It was popularised in the 1960s with the release of Letraset sheets containing Lorem Ipsum passages, and more recently with desktop publishing software like Aldus PageMaker including versions of Lorem Ipsum.', '1980/10/02', 'Título 11029','/assets/img010Slide.jpg', 101,108,'Subtitulo 466');
insert into bd_noticia(id,conteudo, data_noticia, titulo, caminho_imagem, categoria_id,usuario_id,subtitulo) values (214, 'publishing software like Aldus PageMaker including versions of Lorem Ipsum.', '1980/10/02', 'Título 23223','/assets/img011.jpg', 102,108,'Subtitulo 67');
insert into bd_noticia(id,conteudo, data_noticia, titulo, caminho_imagem, categoria_id,usuario_id,subtitulo) values (215, 'unchanged. It was popularised in the 1960s with the release of Letraset sheets containing Lorem Ipsum passages, and more recently with desktop publishing software like Aldus PageMaker including versions of Lorem Ipsum.', '1980/10/02', 'Título 1','/assets/img011.jpg', 103,108,'Subtitulo 30');

INSERT INTO role VALUES (100, 'ROLE_ENCARREGADO');
INSERT INTO role VALUES (101, 'ROLE_GERENTE');
INSERT INTO role VALUES (102, 'ROLE_ADMIN');
INSERT INTO role VALUES (103, 'ROLE_USER');


INSERT INTO usuarios_role VALUES (103, 103);
INSERT INTO usuarios_role VALUES (102, 102);
